Age,Gender,Browsing_History,Time_Of_Day,z,Purchase
54,Male,1,Evening,3.973763156,1
18,Female,0,Evening,1.470148485,1
42,Male,0,Morning,0.202585689,1
27,Female,1,Afternoon,2.15797975,1
53,Male,0,Afternoon,1.182111345,1
35,Male,1,Afternoon,2.143767456,1
41,Male,0,Morning,-0.287010435,0
24,Male,0,Evening,-1.193755947,0
53,Male,0,Morning,-0.872061404,0
42,Male,0,Morning,1.296186522,1
54,Male,1,Morning,-0.926301369,0
37,Male,0,Afternoon,-0.287267787,0
43,Female,0,Morning,-3.785488714,0
20,Male,1,Afternoon,-0.413201284,0
58,Female,0,Evening,4.027470422,1
42,Female,0,Morning,-0.722444958,0
44,Female,0,Afternoon,-0.673678632,0
53,Female,0,Afternoon,-0.440143532,0
54,Female,0,Afternoon,0.523428607,1
48,Female,0,Afternoon,-3.626020682,0
22,Female,0,Morning,-0.207425661,0
37,Male,0,Morning,-0.949608093,0
51,Female,1,Morning,4.05617366,1
45,Female,1,Afternoon,1.246922859,1
57,Female,0,Afternoon,0.739331156,1
20,Female,1,Afternoon,1.556103689,1
50,Female,1,Morning,1.542082315,1
59,Female,0,Morning,-0.656319309,0
41,Female,0,Morning,0.445221197,1
47,Male,1,Afternoon,-0.361016214,0
60,Female,0,Evening,0.857259907,1
32,Female,0,Afternoon,-1.16791493,0
39,Male,1,Morning,0.148768023,1
25,Female,1,Morning,-0.691100883,0
53,Female,0,Afternoon,1.183390716,1
21,Female,1,Afternoon,-1.004069586,0
39,Male,0,Morning,-0.567266426,0
35,Female,1,Morning,1.374200645,1
45,Female,0,Evening,-0.205385619,0
22,Female,0,Afternoon,-3.189160027,0
21,Female,1,Evening,-0.395915424,0
51,Male,0,Morning,-0.29109746,0
52,Male,1,Morning,3.501593499,1
41,Male,0,Afternoon,-0.395606365,0
40,Female,0,Morning,-1.42646465,0
43,Female,0,Afternoon,2.441224659,1
23,Male,0,Afternoon,-1.468472335,0
23,Female,1,Evening,1.277657123,1
19,Female,1,Morning,0.525371008,1
20,Male,1,Morning,2.135665559,1
38,Male,1,Morning,1.049045449,1
19,Male,0,Evening,1.04205857,1
55,Female,0,Evening,1.049165628,1
27,Male,0,Morning,-0.226539492,0
57,Female,0,Evening,1.702487493,1
22,Male,0,Morning,-1.657240246,0
50,Female,0,Evening,0.867551715,1
56,Female,0,Morning,-0.75162838,0
53,Female,0,Evening,-2.487198384,0
59,Female,1,Morning,2.274250432,1
26,Male,0,Morning,-6.041507464,0
46,Male,0,Evening,0.638589974,1
29,Female,0,Afternoon,-1.716017175,0
37,Female,0,Morning,-0.578405103,0
26,Female,0,Evening,-1.009695457,0
60,Female,0,Morning,-2.926533015,0
52,Male,1,Morning,1.321889252,1
46,Male,1,Afternoon,2.836943024,1
33,Female,0,Evening,-2.927431992,0
54,Female,0,Afternoon,-1.279102588,0
45,Female,0,Evening,-1.256868641,0
22,Male,0,Evening,-0.820357676,0
45,Female,1,Morning,-1.983287403,0
19,Female,1,Evening,-1.018561576,0
35,Female,0,Morning,4.528609641,1
41,Male,1,Evening,4.546651552,1
35,Male,1,Morning,1.934123858,1
22,Female,0,Evening,1.296350024,1
57,Male,0,Morning,-0.299820302,0
57,Male,0,Evening,0.791894851,1
38,Male,0,Afternoon,-4.357983594,0
53,Female,0,Evening,-0.51564254,0
53,Female,1,Afternoon,1.162895593,1
56,Male,0,Evening,-1.701167171,0
59,Male,0,Morning,1.119297663,1
35,Male,0,Morning,-0.792969846,0
44,Male,0,Afternoon,0.5960259,1
30,Male,1,Morning,2.454873788,1
36,Female,1,Morning,1.811428642,1
49,Female,0,Afternoon,-0.774314244,0
33,Female,0,Morning,1.44241472,1
46,Male,1,Afternoon,2.698656678,1
34,Male,0,Evening,-3.794843671,0
26,Male,0,Afternoon,2.765238152,1
38,Female,1,Afternoon,-0.716319095,0
60,Female,0,Afternoon,-2.084644598,0
25,Male,1,Evening,1.219411985,1
46,Male,0,Afternoon,0.480681902,1
55,Male,0,Evening,0.388496112,1
18,Female,0,Evening,2.100906111,1
30,Male,1,Morning,0.039397387,1
31,Female,0,Afternoon,-3.127582047,0
22,Male,1,Afternoon,2.695864923,1
26,Male,0,Evening,1.159753637,1
33,Female,0,Evening,-4.374317291,0
43,Female,0,Afternoon,-7.388209361,0
60,Female,0,Afternoon,-1.894254004,0
59,Female,0,Evening,1.137697123,1
59,Female,1,Evening,5.126115815,1
50,Female,1,Morning,2.091736143,1
46,Female,0,Morning,0.855535721,1
42,Male,1,Evening,0.392787431,1
49,Male,0,Morning,-3.203681528,0
34,Female,1,Morning,-1.435475233,0
31,Female,1,Evening,2.784695205,1
23,Male,1,Morning,5.744960541,1
60,Female,1,Afternoon,2.386902528,1
54,Female,1,Morning,1.880687918,1
33,Male,0,Afternoon,-3.304164669,0
48,Female,1,Evening,0.550062176,1
51,Male,1,Evening,2.607178569,1
47,Male,0,Afternoon,3.498132781,1
49,Male,0,Afternoon,0.946675867,1
23,Female,0,Morning,0.542657656,1
39,Female,1,Evening,0.010611197,1
55,Female,1,Morning,1.641945025,1
48,Male,0,Morning,0.279471376,1
23,Female,0,Evening,0.548394742,1
37,Female,1,Evening,-0.498443807,0
32,Female,0,Evening,-0.294221701,0
51,Female,1,Afternoon,2.386119855,1
59,Male,0,Afternoon,-0.91081247,0
40,Female,1,Morning,-0.43758855,0
29,Female,1,Afternoon,0.263268955,1
43,Female,0,Morning,-1.313457559,0
58,Female,1,Afternoon,1.490694849,1
18,Male,0,Afternoon,-3.204303022,0
19,Male,1,Afternoon,-1.001884089,0
41,Male,1,Evening,2.867973512,1
51,Male,0,Afternoon,-0.513288398,0
42,Female,1,Afternoon,1.029274019,1
45,Female,0,Afternoon,4.041582729,1
60,Female,1,Afternoon,2.604561839,1
31,Male,1,Morning,-1.937160054,0
51,Male,0,Morning,0.532214095,1
19,Female,1,Morning,0.815029435,1
48,Female,0,Morning,-0.567246617,0
49,Male,1,Evening,3.636132245,1
44,Female,0,Afternoon,-0.825679291,0
27,Male,1,Morning,-0.58311661,0
45,Male,1,Afternoon,1.992891418,1
54,Male,0,Evening,4.47328629,1
27,Male,1,Morning,1.764585291,1
22,Male,1,Evening,-2.522907967,0
52,Male,0,Afternoon,-0.466933807,0
31,Male,1,Morning,-0.787958481,0
31,Female,0,Evening,0.103488435,1
45,Male,0,Afternoon,-4.221853151,0
50,Male,0,Morning,0.815040707,1
54,Female,1,Evening,-1.598756518,0
52,Male,1,Morning,2.667774223,1
43,Male,1,Evening,0.522332423,1
48,Female,1,Afternoon,3.692259157,1
60,Male,1,Morning,-0.954643605,0
49,Male,1,Morning,-2.03050512,0
34,Female,1,Afternoon,-0.637084447,0
44,Female,1,Evening,2.373373789,1
47,Female,0,Morning,3.876604029,1
53,Male,1,Evening,2.337234854,1
37,Male,1,Evening,1.214345598,1
28,Female,0,Morning,-2.41574779,0
34,Female,1,Afternoon,3.452421604,1
26,Female,1,Morning,-0.45246384,0
34,Male,0,Morning,-4.235118376,0
30,Male,0,Morning,-0.2529171,0
48,Male,0,Evening,-0.673656477,0
18,Female,1,Afternoon,-0.030439128,0
34,Female,1,Evening,0.553760604,1
50,Female,0,Evening,-0.41660637,0
45,Female,0,Evening,4.449312654,1
19,Male,0,Morning,-0.611133864,0
48,Female,1,Evening,1.214965146,1
25,Female,0,Afternoon,0.682476673,1
33,Female,0,Afternoon,-0.062639205,0
20,Female,0,Afternoon,2.524170733,1
54,Female,0,Afternoon,0.889295197,1
30,Female,0,Afternoon,0.161652271,1
29,Male,1,Morning,1.249219651,1
18,Male,1,Morning,4.305025113,1
47,Male,0,Morning,-1.523659621,0
48,Female,1,Evening,4.117886645,1
54,Male,1,Morning,2.796915925,1
23,Male,1,Morning,1.224917011,1
33,Male,0,Morning,0.373362693,1
27,Female,1,Evening,1.716633129,1
24,Male,0,Morning,-2.597399852,0
26,Female,0,Afternoon,2.374228319,1
58,Male,0,Evening,0.595582024,1
42,Male,0,Evening,-1.93174242,0
20,Male,1,Morning,-0.872354492,0
35,Male,1,Afternoon,1.152857898,1
45,Male,0,Morning,0.196732721,1
32,Female,0,Evening,-0.232498332,0
46,Male,0,Afternoon,-1.223875449,0
37,Male,1,Afternoon,-3.522017274,0
42,Male,1,Morning,-0.768838854,0
33,Male,1,Afternoon,0.425500119,1
41,Female,1,Morning,2.217535621,1
50,Female,0,Evening,0.556104295,1
55,Female,1,Evening,1.473964913,1
60,Male,1,Evening,-3.757356349,0
58,Male,1,Morning,3.290777422,1
39,Male,1,Afternoon,1.760657205,1
43,Male,1,Afternoon,-1.169130656,0
37,Female,0,Evening,-0.847257358,0
54,Male,1,Evening,0.226905167,1
60,Female,0,Afternoon,0.512804988,1
32,Male,0,Afternoon,-1.855026725,0
38,Male,0,Morning,0.312075409,1
51,Male,0,Morning,0.702600194,1
42,Female,0,Morning,1.740473817,1
55,Male,0,Afternoon,-0.528053252,0
18,Male,0,Morning,-4.493012524,0
31,Male,0,Afternoon,-0.403748196,0
28,Female,0,Morning,-1.093404363,0
45,Male,0,Afternoon,-1.969177613,0
35,Female,0,Evening,-1.478447663,0
51,Female,0,Evening,-3.427698103,0
59,Female,0,Morning,-0.181966567,0
53,Male,1,Morning,2.155869225,1
37,Female,1,Evening,1.403760153,1
32,Female,1,Afternoon,0.502689543,1
24,Male,1,Afternoon,-1.274158991,0
44,Female,1,Morning,4.762091364,1
47,Male,1,Morning,-1.895141587,0
22,Female,1,Evening,0.79064697,1
39,Female,1,Evening,5.728006449,1
37,Female,0,Afternoon,0.809442827,1
58,Female,1,Afternoon,-0.541292834,0
28,Male,1,Evening,0.303295173,1
45,Female,1,Evening,2.290382527,1
55,Male,0,Evening,-0.246255159,0
59,Male,0,Morning,-2.098247733,0
26,Female,0,Afternoon,1.130615225,1
40,Male,0,Morning,1.852900307,1
43,Female,1,Afternoon,0.290001886,1
58,Female,1,Morning,-1.475431949,0
28,Female,1,Afternoon,1.261737946,1
36,Male,0,Evening,-1.888891772,0
45,Female,1,Evening,2.874601246,1
38,Male,0,Evening,-2.43639516,0
53,Male,0,Afternoon,0.822747478,1
59,Female,1,Evening,2.350246713,1
39,Male,0,Evening,-2.705873595,0
42,Female,1,Morning,0.468186357,1
47,Female,1,Morning,0.424931649,1
38,Male,0,Morning,3.894634299,1
38,Female,1,Afternoon,0.561730117,1
23,Male,0,Morning,-1.317002459,0
58,Male,0,Morning,2.498715147,1
27,Male,1,Afternoon,3.105684748,1
41,Male,1,Evening,2.691791853,1
24,Male,1,Evening,2.569955629,1
31,Male,1,Evening,0.419506381,1
29,Female,0,Morning,-0.012405567,0
27,Male,0,Afternoon,-1.021873368,0
42,Male,0,Evening,0.593200443,1
54,Male,1,Evening,2.515581959,1
19,Female,0,Afternoon,-0.99158393,0
52,Male,0,Afternoon,-1.455225078,0
51,Male,0,Evening,-1.134674403,0
44,Male,0,Evening,0.299989769,1
48,Female,0,Afternoon,-1.11035252,0
44,Female,0,Afternoon,1.165577337,1
33,Male,0,Evening,0.245876754,1
53,Male,0,Afternoon,1.952862642,1
41,Male,1,Afternoon,-3.777026949,0
55,Female,0,Evening,1.173336311,1
38,Female,0,Afternoon,-4.277057032,0
37,Male,0,Afternoon,-1.775172174,0
28,Male,0,Morning,-1.836435974,0
50,Female,1,Afternoon,2.363364096,1
31,Male,1,Evening,-2.011676694,0
45,Male,0,Evening,1.587780813,1
50,Male,1,Afternoon,1.681233562,1
46,Female,1,Afternoon,2.45495895,1
53,Male,0,Evening,0.847584921,1
49,Female,0,Morning,-0.806108574,0
55,Male,1,Afternoon,3.111828731,1
39,Female,0,Evening,1.859266639,1
24,Male,1,Afternoon,2.597091864,1
22,Female,1,Morning,0.3082801,1
48,Male,1,Afternoon,2.357792465,1
49,Male,0,Afternoon,0.623150409,1
35,Female,0,Evening,0.433151591,1
56,Male,1,Morning,0.904842061,1
30,Male,0,Afternoon,-0.716264003,0
47,Male,0,Morning,-1.022627695,0
19,Male,1,Morning,0.624475015,1
45,Female,1,Evening,1.455739836,1
20,Female,1,Afternoon,-0.727826998,0
50,Male,1,Morning,5.672231053,1
46,Female,0,Morning,3.713427175,1
37,Female,0,Evening,2.999914905,1
60,Male,1,Morning,0.499183072,1
26,Male,1,Afternoon,0.358668613,1
27,Female,1,Evening,4.369202825,1
24,Male,1,Evening,0.91759971,1
45,Male,0,Afternoon,0.908342086,1
35,Female,1,Evening,3.609837464,1
42,Female,0,Afternoon,3.106366807,1
27,Female,0,Evening,-0.432531049,0
26,Female,1,Morning,1.975939675,1
36,Female,1,Evening,-0.117538724,0
32,Female,0,Evening,-1.215356435,0
20,Female,1,Morning,2.883373378,1
39,Male,1,Afternoon,0.673561527,1
37,Female,1,Morning,1.082261129,1
59,Female,0,Afternoon,-2.583247682,0
51,Male,0,Evening,-0.675546821,0
40,Male,0,Afternoon,0.936943832,1
34,Female,0,Evening,-0.954883092,0
35,Male,1,Morning,1.123760138,1
36,Male,0,Morning,-0.316933957,0
34,Male,1,Morning,0.927793046,1
47,Female,0,Afternoon,-0.966928308,0
27,Male,1,Afternoon,0.932490681,1
54,Female,0,Afternoon,1.800224493,1
27,Female,0,Afternoon,-2.219621379,0
51,Female,1,Morning,2.772308085,1
21,Male,1,Evening,0.448814702,1
42,Male,1,Afternoon,2.415007931,1
43,Female,1,Evening,3.063430684,1
56,Male,0,Morning,-4.768497042,0
50,Male,1,Morning,3.754703089,1
39,Female,0,Afternoon,0.749301024,1
36,Female,1,Morning,1.173049828,1
23,Female,1,Morning,-0.544304062,0
42,Male,0,Morning,-0.347327009,0
47,Male,1,Morning,1.197431011,1
59,Male,1,Evening,2.641647835,1
56,Male,1,Morning,0.574239426,1
42,Female,1,Afternoon,1.561731623,1
19,Female,0,Afternoon,-1.599586122,0
55,Female,0,Evening,-0.236909821,0
26,Male,1,Morning,-3.909420697,0
28,Male,1,Evening,2.266600965,1
23,Male,1,Afternoon,-1.368970741,0
48,Female,0,Afternoon,0.591809014,1
22,Male,0,Morning,1.059559186,1
31,Female,1,Afternoon,1.257597602,1
59,Male,1,Morning,0.248651181,1
18,Female,0,Evening,-0.066745948,0
58,Male,0,Evening,-2.062599876,0
27,Female,1,Morning,-0.111159296,0
29,Male,0,Evening,0.858387918,1
39,Male,0,Afternoon,-0.521946839,0
18,Male,1,Morning,0.317504893,1
60,Male,0,Afternoon,0.80894895,1
21,Male,0,Evening,-0.942504903,0
20,Male,1,Morning,0.428819091,1
55,Male,0,Morning,-1.141865337,0
22,Male,0,Morning,-1.53813531,0
59,Male,0,Evening,-0.856310841,0
37,Female,1,Morning,0.36062684,1
51,Female,1,Afternoon,3.763825925,1
40,Male,0,Morning,0.128720777,1
53,Female,1,Evening,1.023319144,1
37,Female,1,Evening,2.01802314,1
26,Female,0,Morning,-3.357392184,0
44,Male,0,Afternoon,4.89732564,1
20,Female,1,Morning,-0.688279124,0
48,Female,0,Morning,-0.77479981,0
35,Female,1,Morning,2.847537445,1
27,Male,0,Morning,-1.011852608,0
50,Female,0,Morning,-4.190227554,0
57,Male,1,Evening,0.523578299,1
37,Female,0,Evening,-0.315467978,0
54,Male,1,Afternoon,3.087632646,1
23,Female,1,Morning,0.398512858,1
46,Male,0,Morning,-1.112355232,0
21,Male,0,Morning,-4.734287893,0
44,Male,0,Afternoon,-0.467327819,0
26,Female,0,Afternoon,-0.367297071,0
57,Female,1,Morning,3.279791367,1
40,Male,1,Afternoon,0.963387028,1
43,Male,0,Morning,1.980370791,1
29,Male,1,Afternoon,0.214469423,1
27,Male,1,Evening,0.91402497,1
60,Male,1,Morning,4.656162178,1
40,Male,0,Afternoon,-1.372352149,0
44,Female,1,Morning,-0.313860583,0
51,Male,1,Afternoon,1.862523214,1
33,Male,0,Morning,-1.435934455,0
42,Female,1,Morning,3.317639063,1
45,Female,1,Evening,3.172357972,1
32,Female,1,Evening,1.646116153,1
55,Male,0,Evening,-2.546673539,0
40,Male,0,Afternoon,-0.492991814,0
36,Female,1,Morning,-0.231042633,0
27,Male,0,Evening,0.600587957,1
30,Male,1,Morning,0.976228499,1
55,Female,0,Morning,0.860015335,1
18,Female,0,Morning,-1.000545578,0
28,Female,1,Morning,2.667080254,1
43,Female,0,Afternoon,-3.172312667,0
27,Female,0,Morning,-4.836421339,0
32,Female,0,Afternoon,1.68620625,1
34,Female,1,Evening,-0.486537898,0
25,Female,1,Afternoon,0.569043796,1
53,Female,1,Morning,-0.413220141,0
23,Male,1,Morning,-1.770471046,0
27,Male,0,Morning,-0.584532523,0
44,Male,1,Evening,-0.418369935,0
37,Female,1,Morning,-1.23550395,0
42,Female,1,Afternoon,2.775221303,1
41,Male,0,Afternoon,-1.135674223,0
33,Male,0,Afternoon,2.016150134,1
33,Female,0,Evening,0.170928789,1
20,Female,0,Afternoon,-2.753332624,0
49,Female,1,Afternoon,5.088009008,1
38,Female,1,Evening,1.810764341,1
56,Male,0,Morning,-0.705628633,0
20,Male,0,Afternoon,0.555899723,1
27,Male,0,Evening,-0.723464867,0
38,Female,1,Evening,1.099903748,1
59,Male,1,Evening,2.646989168,1
24,Male,0,Evening,-1.158688704,0
36,Female,0,Afternoon,-1.885359062,0
46,Female,1,Evening,-0.00496991,0
59,Male,1,Morning,-5.510760399,0
41,Male,1,Morning,1.182521364,1
46,Female,0,Morning,2.040271218,1
47,Female,0,Morning,2.516033227,1
60,Male,0,Afternoon,-0.751232764,0
52,Female,0,Evening,3.450495719,1
59,Male,0,Afternoon,-1.400808233,0
51,Male,1,Afternoon,-0.125840444,0
56,Male,1,Evening,2.641170686,1
38,Male,1,Evening,2.649115779,1
60,Female,1,Afternoon,0.797557506,1
60,Male,0,Morning,2.467840575,1
43,Female,1,Morning,2.814889494,1
50,Male,0,Morning,0.415864618,1
23,Male,0,Morning,-2.041442836,0
40,Male,0,Afternoon,-2.388481041,0
59,Male,1,Afternoon,3.181072777,1
58,Female,1,Evening,3.52755647,1
35,Male,1,Afternoon,0.676393948,1
38,Female,0,Morning,-3.08757866,0
50,Male,1,Afternoon,-0.129161104,0
28,Female,0,Morning,-0.624200421,0
57,Male,1,Afternoon,2.915515359,1
31,Male,1,Morning,2.705928766,1
19,Male,0,Evening,3.981024171,1
55,Male,1,Afternoon,1.065682547,1
52,Male,0,Evening,-1.594671116,0
45,Female,0,Evening,-1.137077246,0
33,Female,0,Afternoon,-1.7195331,0
33,Female,1,Afternoon,-0.863892202,0
25,Male,1,Afternoon,-1.231831206,0
55,Male,0,Morning,0.03648895,1
55,Female,0,Morning,2.480583417,1
25,Male,0,Evening,1.487746338,1
48,Female,1,Morning,1.643250902,1
54,Female,0,Morning,-0.840756402,0
40,Male,1,Afternoon,-3.397141291,0
58,Female,1,Morning,4.424522614,1
27,Male,0,Evening,-4.943276568,0
28,Male,1,Morning,0.276407748,1
44,Female,1,Morning,2.878771837,1
40,Male,1,Evening,1.987683792,1
50,Male,0,Evening,0.479339267,1
39,Male,1,Morning,0.690880266,1
32,Male,0,Afternoon,-4.775747954,0
21,Male,1,Afternoon,1.558533791,1
56,Male,0,Afternoon,-2.367860563,0
60,Male,1,Afternoon,2.857638759,1
27,Female,0,Morning,-0.549739586,0
25,Female,1,Afternoon,0.853763406,1
48,Male,1,Morning,1.51142771,1
45,Male,0,Morning,-1.984448187,0
52,Male,0,Morning,-3.881963549,0
37,Male,0,Morning,1.296690488,1
25,Male,0,Morning,-0.018210356,0
49,Male,1,Evening,0.357451431,1
20,Male,0,Morning,-2.084898343,0
58,Male,0,Evening,0.523314226,1
28,Female,0,Afternoon,0.964707887,1
30,Female,0,Evening,-3.784571395,0
56,Male,0,Morning,0.40528929,1
35,Male,1,Afternoon,2.417838025,1
56,Female,1,Afternoon,3.687260485,1
38,Male,1,Afternoon,0.07633935,1
22,Male,0,Morning,-5.013192761,0
48,Male,1,Morning,1.663679574,1
37,Male,0,Evening,0.831636173,1
35,Female,1,Evening,3.508700037,1
56,Female,1,Morning,3.441880581,1
20,Male,0,Morning,2.041239117,1
25,Male,0,Morning,-0.403081978,0
36,Male,0,Morning,-1.461145875,0
27,Female,0,Morning,-3.070773431,0
32,Male,1,Afternoon,2.063424986,1
29,Female,0,Morning,-1.206231799,0
52,Male,1,Afternoon,3.5611125,1
49,Male,1,Afternoon,-2.091313248,0
59,Male,0,Evening,-1.935674794,0
51,Male,0,Morning,-1.395924036,0
57,Female,1,Evening,3.603373096,1
18,Male,0,Morning,-2.684356011,0
30,Female,1,Afternoon,-2.221862941,0
24,Male,1,Evening,1.773814282,1
28,Male,0,Morning,-1.13523172,0
28,Male,0,Evening,3.508870906,1
30,Male,0,Morning,-2.077460165,0
54,Female,0,Afternoon,0.159982053,1
51,Male,0,Morning,0.345510684,1
32,Female,0,Morning,-1.71211558,0
54,Male,0,Evening,-1.961172998,0
31,Male,1,Afternoon,2.461162882,1
54,Female,1,Morning,3.380713256,1
43,Male,1,Evening,3.0463077,1
45,Female,0,Evening,5.770466484,1
35,Male,1,Afternoon,1.448063042,1
34,Male,0,Afternoon,-1.567298649,0
56,Female,0,Afternoon,-1.389383411,0
51,Female,1,Morning,3.7276177,1
29,Female,0,Afternoon,-0.185066391,0
47,Male,1,Afternoon,-4.465039574,0
52,Male,0,Morning,0.686095224,1
37,Female,1,Evening,2.682273693,1
43,Male,0,Afternoon,-0.242444747,0
42,Male,1,Morning,0.187678361,1
25,Male,0,Afternoon,2.325625545,1
37,Female,0,Evening,0.891256242,1
45,Female,0,Evening,4.390861209,1
50,Female,0,Evening,2.264061291,1
38,Male,1,Afternoon,-0.508706753,0
51,Female,1,Afternoon,-0.801473871,0
22,Male,0,Evening,-0.194714558,0
59,Male,1,Afternoon,1.242139442,1
29,Female,0,Morning,-3.232005409,0
20,Male,1,Morning,2.286260171,1
35,Female,0,Afternoon,-1.830937249,0
18,Male,0,Morning,0.034514259,1
25,Male,0,Morning,-1.949375348,0
57,Male,1,Evening,0.887198288,1
47,Male,1,Morning,1.18504056,1
37,Female,1,Evening,1.710336619,1
51,Male,1,Evening,5.224803855,1
38,Female,0,Afternoon,-5.318258576,0
36,Male,0,Afternoon,-2.286231299,0
60,Female,1,Evening,1.861366489,1
35,Male,1,Afternoon,1.880797466,1
57,Female,0,Morning,-0.253781191,0
41,Female,0,Morning,0.521479049,1
59,Female,0,Evening,3.591396747,1
46,Female,1,Morning,1.767230933,1
51,Male,0,Morning,0.529549257,1
39,Male,1,Evening,2.576248658,1
21,Male,0,Morning,-1.518057048,0
40,Male,0,Evening,-1.357900066,0
34,Female,1,Afternoon,2.73333499,1
37,Female,0,Afternoon,-1.628486489,0
56,Female,0,Afternoon,0.154242887,1
26,Male,1,Morning,-0.328780621,0
36,Male,1,Evening,2.919070873,1
38,Male,0,Afternoon,-5.102072625,0
60,Male,1,Morning,0.972010699,1
60,Female,0,Afternoon,0.816746084,1
34,Male,0,Evening,0.950919731,1
51,Male,0,Evening,-0.638191194,0
24,Female,0,Morning,-0.191649779,0
21,Female,1,Afternoon,0.348261557,1
18,Female,0,Evening,0.589274369,1
45,Female,1,Morning,2.432980651,1
34,Female,1,Evening,1.325841334,1
53,Female,0,Evening,0.169611589,1
51,Female,0,Afternoon,1.270990693,1
44,Female,0,Evening,-0.357949512,0
46,Female,0,Afternoon,-2.589110658,0
43,Male,0,Afternoon,-1.56516633,0
38,Female,0,Evening,-2.123082956,0
57,Female,0,Morning,2.591771684,1
52,Male,1,Morning,0.83816959,1
30,Male,1,Morning,1.12282402,1
51,Female,1,Morning,3.631211345,1
53,Female,0,Evening,0.280952242,1
58,Male,0,Afternoon,1.29612096,1
60,Male,1,Evening,3.931856485,1
45,Female,1,Afternoon,2.990670862,1
27,Female,1,Evening,1.919377392,1
49,Male,0,Afternoon,-1.317985848,0
44,Male,1,Morning,-0.134095493,0
50,Female,1,Evening,3.970358025,1
18,Male,1,Evening,0.386516206,1
31,Male,0,Afternoon,-1.076718607,0
49,Male,1,Evening,0.695819562,1
45,Female,1,Morning,0.075799804,1
60,Female,1,Evening,-0.728859977,0
49,Male,0,Afternoon,-1.877363858,0
58,Female,0,Afternoon,-0.526803953,0
47,Male,1,Afternoon,1.580606406,1
54,Male,1,Evening,3.083022889,1
51,Male,1,Afternoon,5.112587481,1
58,Male,1,Afternoon,0.90303141,1
52,Male,0,Afternoon,0.593551084,1
41,Female,1,Afternoon,1.940290307,1
51,Female,1,Morning,1.197262582,1
41,Male,0,Evening,0.967082251,1
45,Female,0,Evening,-0.783373179,0
35,Female,0,Afternoon,-1.13036419,0
47,Female,1,Morning,-0.110298485,0
39,Female,0,Evening,-1.095160094,0
43,Female,0,Morning,-4.606643212,0
37,Male,0,Afternoon,-2.035556944,0
48,Female,1,Afternoon,1.887962281,1
57,Male,0,Morning,-0.737396068,0
47,Female,0,Evening,-3.118558382,0
25,Female,1,Evening,4.02149405,1
42,Female,1,Afternoon,3.931630181,1
55,Female,1,Evening,2.295419298,1
52,Male,0,Evening,-0.140829539,0
18,Female,0,Afternoon,-2.204718213,0
47,Male,1,Evening,2.054369883,1
21,Male,1,Evening,0.404563951,1
45,Male,0,Afternoon,-0.753907318,0
58,Male,0,Afternoon,-0.143326297,0
50,Female,0,Afternoon,1.202234815,1
60,Male,1,Afternoon,2.009773773,1
23,Male,0,Afternoon,-0.433170826,0
37,Male,1,Evening,3.933320367,1
31,Female,0,Evening,-0.812722124,0
26,Male,0,Evening,-1.401100298,0
45,Male,1,Afternoon,3.798013009,1
48,Male,1,Evening,3.566583918,1
41,Female,1,Evening,3.421918878,1
23,Male,1,Morning,-0.335143756,0
39,Female,1,Morning,1.413202607,1
28,Female,0,Morning,-0.808556699,0
26,Female,1,Afternoon,-0.997538657,0
35,Male,1,Afternoon,0.495385297,1
60,Female,0,Morning,1.949620241,1
36,Male,0,Afternoon,0.758979631,1
50,Male,0,Afternoon,0.702999282,1
60,Female,1,Afternoon,4.226698712,1
57,Female,0,Morning,-0.883968097,0
28,Male,0,Afternoon,1.550654468,1
50,Female,1,Morning,1.871964307,1
55,Female,1,Morning,2.765640458,1
51,Male,0,Morning,-2.911176115,0
54,Female,0,Afternoon,-1.195801503,0
18,Female,0,Evening,0.446001962,1
47,Female,1,Evening,1.711613329,1
35,Male,1,Afternoon,-2.339787511,0
21,Female,0,Afternoon,-0.887151103,0
32,Male,1,Afternoon,2.183852765,1
24,Female,1,Morning,-3.25531292,0
31,Female,1,Afternoon,0.744820615,1
27,Female,0,Afternoon,1.283372705,1
52,Male,0,Morning,0.117256972,1
24,Male,1,Evening,-0.574356062,0
22,Female,1,Evening,-0.19247435,0
41,Male,1,Afternoon,0.489938704,1
55,Female,0,Evening,0.819345419,1
22,Male,1,Afternoon,2.955636722,1
38,Male,1,Evening,3.145383301,1
58,Male,1,Afternoon,2.398907652,1
52,Female,0,Morning,-1.055726077,0
20,Male,0,Afternoon,-0.638604241,0
26,Male,0,Afternoon,-1.987611065,0
44,Male,1,Evening,0.593063834,1
46,Female,0,Morning,-0.581502921,0
44,Female,1,Afternoon,-1.531343329,0
56,Female,0,Morning,-1.380271792,0
59,Male,0,Morning,-1.528951665,0
34,Male,1,Afternoon,0.263465117,1
51,Female,1,Afternoon,2.340283645,1
37,Male,1,Evening,5.353512256,1
43,Male,0,Afternoon,0.461262789,1
29,Male,0,Afternoon,-1.654357621,0
41,Male,0,Morning,-0.700809185,0
41,Female,0,Afternoon,-2.899654499,0
55,Male,0,Morning,-0.983412185,0
47,Female,1,Evening,-2.509435336,0
39,Female,1,Afternoon,1.780387051,1
47,Male,1,Morning,0.315208761,1
27,Female,0,Afternoon,-2.20076456,0
50,Female,0,Afternoon,-1.60825067,0
59,Male,1,Morning,2.595771191,1
24,Male,1,Evening,0.595897706,1
42,Female,1,Afternoon,-0.594314107,0
41,Female,1,Morning,-0.733845504,0
19,Male,1,Afternoon,4.00092771,1
53,Male,0,Morning,0.343003263,1
25,Male,0,Evening,-6.426057633,0
31,Male,0,Evening,-5.322074457,0
34,Male,1,Morning,3.488384718,1
54,Male,1,Evening,3.524614631,1
34,Female,1,Morning,-0.046158837,0
33,Female,1,Afternoon,1.196515656,1
49,Female,1,Evening,4.110382465,1
42,Female,1,Evening,4.033182527,1
55,Female,0,Afternoon,-2.904787078,0
20,Male,1,Afternoon,1.631848115,1
31,Male,1,Evening,0.89959474,1
26,Male,0,Evening,2.187791902,1
26,Female,0,Evening,-0.382902619,0
41,Female,1,Evening,1.931409024,1
20,Male,1,Morning,-1.085507029,0
53,Male,0,Afternoon,0.209173579,1
52,Female,0,Afternoon,-1.304489758,0
56,Male,1,Evening,-0.285069794,0
50,Male,1,Evening,2.798812962,1
54,Male,0,Afternoon,-0.70333674,0
39,Female,1,Morning,2.057256314,1
21,Male,1,Afternoon,-2.045884899,0
46,Female,1,Morning,-0.713074164,0
44,Female,0,Afternoon,1.114210419,1
25,Male,0,Evening,-2.430264289,0
29,Female,1,Morning,0.869083147,1
26,Male,0,Afternoon,-0.888762866,0
41,Male,0,Morning,-5.084891244,0
20,Female,0,Afternoon,1.0672968,1
20,Female,1,Evening,1.78873784,1
43,Female,1,Morning,2.512454448,1
58,Female,0,Afternoon,0.206842964,1
24,Female,1,Morning,-1.957290607,0
44,Male,1,Evening,2.909274699,1
40,Female,0,Evening,-1.476174551,0
49,Male,1,Morning,5.96760851,1
32,Male,0,Evening,-3.917202757,0
37,Female,0,Morning,-0.416153337,0
52,Male,0,Afternoon,0.846746923,1
44,Female,0,Evening,1.958200078,1
36,Male,0,Evening,-1.857951049,0
19,Male,1,Afternoon,0.296716103,1
39,Female,0,Evening,-0.347340219,0
54,Male,1,Morning,0.979928247,1
58,Female,0,Afternoon,0.728465351,1
50,Male,1,Afternoon,2.506668424,1
21,Male,0,Afternoon,-1.582490892,0
35,Female,1,Evening,3.072285379,1
54,Male,1,Morning,0.2198539,1
52,Male,0,Morning,-1.742373901,0
59,Male,0,Afternoon,-0.046154278,0
42,Female,0,Morning,1.406999174,1
56,Female,0,Afternoon,-2.614986239,0
31,Female,0,Morning,-2.49312134,0
44,Female,1,Afternoon,6.0456151,1
27,Female,0,Evening,-1.388966521,0
40,Female,1,Afternoon,-3.863600765,0
27,Female,0,Evening,-0.365034109,0
38,Female,1,Morning,5.411134807,1
58,Male,1,Evening,2.555554832,1
56,Female,0,Afternoon,0.605368415,1
23,Female,1,Evening,1.573079243,1
45,Female,1,Morning,0.404029265,1
25,Female,0,Morning,-1.928360575,0
48,Male,0,Morning,-0.11987741,0
43,Male,0,Afternoon,-1.866658337,0
41,Male,0,Evening,-0.347066603,0
54,Female,0,Evening,-0.14738034,0
36,Female,0,Evening,3.978507224,1
37,Female,1,Afternoon,0.552545323,1
28,Male,1,Evening,5.622297157,1
44,Male,0,Afternoon,-0.235521464,0
24,Female,1,Evening,2.47644288,1
59,Male,1,Evening,2.373930339,1
21,Male,0,Evening,-1.325172284,0
48,Female,0,Morning,0.667192811,1
52,Male,0,Morning,-0.197755708,0
18,Female,1,Morning,-0.37313555,0
22,Male,0,Evening,-2.121058758,0
34,Female,0,Morning,-1.37012777,0
60,Female,0,Evening,-1.291427803,0
18,Male,1,Afternoon,3.084063817,1
41,Male,0,Morning,-1.257706496,0
50,Female,1,Afternoon,2.035272027,1
35,Female,1,Morning,3.751249038,1
20,Female,0,Evening,-2.881251949,0
22,Male,1,Morning,-0.111215463,0
56,Female,0,Morning,0.653746442,1
23,Female,1,Morning,1.131902461,1
33,Female,1,Morning,1.096568039,1
30,Male,1,Evening,3.619153864,1
50,Male,1,Morning,-0.364401062,0
27,Female,1,Afternoon,1.492161733,1
31,Male,0,Afternoon,-2.657987247,0
59,Male,0,Evening,1.122870067,1
51,Male,0,Evening,0.384908071,1
33,Female,0,Morning,-2.073659845,0
58,Male,1,Evening,2.777516217,1
34,Male,0,Afternoon,-0.785703004,0
19,Male,0,Morning,-1.550791618,0
32,Male,1,Morning,-0.684491086,0
40,Male,0,Evening,-0.39485481,0
44,Male,1,Afternoon,0.082928756,1
57,Female,1,Morning,1.105548011,1
20,Female,0,Evening,-2.865964593,0
51,Male,1,Evening,3.93447947,1
20,Male,0,Morning,-2.112916846,0
60,Female,1,Afternoon,3.300578487,1
54,Male,1,Afternoon,2.157229809,1
39,Female,1,Evening,-1.567124035,0
50,Male,0,Evening,-0.160701931,0
20,Male,0,Evening,-3.234719784,0
31,Female,1,Morning,-0.694050504,0
55,Female,0,Morning,0.227076677,1
33,Female,1,Morning,-0.629869815,0
27,Male,1,Morning,-0.911632915,0
44,Female,0,Evening,-2.493697365,0
25,Male,1,Afternoon,-1.174384603,0
40,Female,1,Afternoon,1.865971143,1
26,Female,0,Afternoon,-0.840555359,0
52,Female,1,Afternoon,1.99899739,1
51,Female,0,Evening,-0.084880019,0
55,Male,0,Afternoon,-2.810330311,0
51,Female,1,Afternoon,1.764257923,1
47,Male,1,Evening,-1.115407577,0
42,Female,1,Evening,0.403822116,1
47,Male,1,Evening,1.798133743,1
26,Male,1,Evening,-0.050814906,0
54,Female,0,Evening,-0.621632745,0
34,Female,1,Afternoon,1.188390634,1
37,Male,0,Evening,-2.443610968,0
53,Male,0,Afternoon,-0.380597875,0
55,Male,0,Evening,1.891933753,1
51,Female,1,Evening,1.987374817,1
20,Female,0,Afternoon,-1.505668986,0
34,Male,0,Evening,-1.874572849,0
41,Female,1,Morning,1.19831099,1
28,Female,0,Morning,-0.696761111,0
25,Male,1,Evening,2.249225495,1
56,Female,0,Afternoon,-0.208989582,0
37,Female,1,Afternoon,1.786231743,1
45,Male,1,Morning,3.580579106,1
40,Male,0,Evening,-0.82590326,0
50,Female,0,Evening,-0.804623708,0
36,Female,0,Afternoon,-2.836059815,0
33,Female,1,Evening,3.03741697,1
57,Female,1,Morning,3.716237011,1
27,Female,0,Evening,-2.252809581,0
27,Female,0,Morning,-4.279070827,0
36,Female,1,Afternoon,1.519445219,1
30,Female,1,Morning,3.290783924,1
40,Female,0,Evening,-2.063219711,0
57,Male,0,Afternoon,-1.164821925,0
55,Male,1,Morning,3.219474885,1
56,Male,1,Afternoon,5.625655878,1
56,Female,0,Evening,0.914412764,1
54,Female,0,Evening,-0.207374349,0
18,Male,0,Morning,-1.939767414,0
60,Male,1,Afternoon,0.907886788,1
51,Female,0,Morning,-0.693110127,0
40,Female,0,Evening,-0.234254243,0
59,Male,1,Evening,2.820404854,1
55,Female,0,Morning,1.916786124,1
53,Male,0,Morning,0.451069207,1
29,Female,1,Afternoon,-2.441610398,0
23,Female,1,Evening,3.30565626,1
34,Male,1,Evening,1.026398153,1
18,Female,1,Morning,-0.115919542,0
60,Female,1,Evening,2.771908804,1
37,Male,0,Afternoon,-1.892595787,0
43,Female,0,Morning,-0.473957433,0
36,Female,1,Evening,7.78598931,1
54,Female,0,Afternoon,-0.194854817,0
20,Male,1,Afternoon,-0.905157657,0
36,Male,1,Evening,1.061580881,1
37,Female,0,Morning,-0.385226177,0
48,Male,0,Evening,-1.987146353,0
31,Male,0,Afternoon,0.715049726,1
51,Male,1,Afternoon,7.689236345,1
50,Female,1,Afternoon,-3.896694864,0
39,Male,0,Morning,-3.366538373,0
24,Female,0,Morning,0.872215595,1
55,Male,0,Afternoon,1.288856658,1
60,Female,1,Evening,3.6839311,1
27,Female,1,Morning,-1.056345232,0
47,Male,1,Morning,0.650212886,1
42,Female,0,Evening,-3.997482582,0
27,Female,0,Evening,-1.424048776,0
47,Male,0,Morning,-0.349232862,0
44,Female,0,Afternoon,-0.468291966,0
36,Male,1,Afternoon,5.109431738,1
59,Male,1,Evening,6.657265284,1
26,Male,0,Morning,-0.197866949,0
39,Male,1,Evening,3.243079369,1
44,Female,0,Afternoon,-3.608805657,0
25,Male,1,Afternoon,-0.433137607,0
36,Female,1,Morning,0.008491142,1
24,Female,1,Morning,-0.18858642,0
43,Male,0,Afternoon,-1.937983607,0
33,Female,1,Afternoon,0.109320524,1
25,Female,1,Afternoon,-1.186097066,0
40,Male,0,Afternoon,0.096349374,1
38,Male,0,Morning,0.858489007,1
33,Male,1,Afternoon,5.259382835,1
48,Female,1,Evening,6.953254379,1
46,Male,0,Evening,-0.331384382,0
60,Male,0,Evening,-2.240490169,0
44,Female,0,Morning,-0.09818923,0
27,Female,1,Afternoon,2.162492335,1
37,Male,1,Evening,2.033467466,1
35,Male,0,Morning,-2.739691241,0
33,Male,0,Afternoon,3.010908213,1
25,Female,0,Morning,0.591193226,1
38,Female,1,Morning,-1.290682786,0
54,Female,0,Evening,0.472800642,1
40,Male,1,Morning,0.602111276,1
19,Male,0,Morning,-1.883636132,0
50,Male,1,Afternoon,2.586854981,1
45,Female,1,Evening,3.009069896,1
48,Female,0,Evening,-1.518260756,0
45,Male,1,Afternoon,5.638771175,1
59,Male,0,Afternoon,-1.769775073,0
26,Female,1,Morning,3.23649082,1
50,Male,0,Afternoon,7.238018323,1
34,Male,0,Afternoon,-1.294277335,0
23,Female,1,Afternoon,1.016553475,1
29,Female,0,Evening,0.606710258,1
36,Male,0,Afternoon,-2.298796013,0
50,Male,0,Evening,-1.840811297,0
28,Female,1,Evening,1.981061713,1
45,Female,0,Afternoon,0.042251748,1
44,Male,0,Evening,-0.939146749,0
33,Female,1,Afternoon,2.587085808,1
31,Female,0,Evening,-2.738870745,0
40,Male,1,Afternoon,1.939581284,1
54,Male,0,Evening,0.967517264,1
57,Male,1,Morning,0.742782794,1
36,Female,1,Evening,4.868977089,1
24,Male,0,Afternoon,-1.351953859,0
50,Female,1,Evening,5.937482814,1
41,Female,0,Evening,-1.21225288,0
32,Female,1,Afternoon,-0.82781881,0
25,Female,0,Morning,-0.536982032,0
23,Female,0,Morning,-5.525153609,0
60,Male,1,Morning,1.302773888,1
51,Female,0,Afternoon,2.322498457,1
50,Female,0,Evening,-0.356388889,0
47,Female,0,Evening,0.833215405,1
54,Female,1,Evening,1.092153188,1
54,Male,0,Morning,-2.09719345,0
60,Male,1,Morning,3.591058697,1
44,Female,0,Afternoon,-2.283433028,0
44,Male,0,Morning,-0.138803243,0
34,Female,0,Morning,-2.974232802,0
34,Male,0,Morning,-2.564695458,0
43,Female,1,Afternoon,1.749135298,1
47,Female,1,Afternoon,1.811966509,1
44,Male,1,Afternoon,1.904105107,1
36,Male,1,Morning,0.193317411,1
30,Female,0,Evening,-0.245672367,0
35,Male,0,Morning,-0.785179178,0
27,Female,0,Afternoon,-1.570303782,0
20,Male,1,Evening,4.541627636,1
45,Female,1,Evening,1.470192324,1
38,Male,0,Afternoon,-2.60294532,0
27,Male,0,Morning,-0.799751931,0
50,Male,1,Morning,1.851816929,1
28,Female,0,Afternoon,-0.619201883,0
30,Female,0,Evening,-3.080270335,0
24,Female,1,Afternoon,-1.316782838,0
57,Male,0,Afternoon,0.709999509,1
53,Female,1,Afternoon,4.342801555,1
31,Female,0,Morning,-3.586452395,0
22,Male,1,Morning,-1.799448681,0
37,Male,0,Evening,-3.459106163,0
40,Male,0,Morning,-2.975420747,0
36,Male,1,Morning,1.981750183,1
20,Male,1,Evening,-1.354107017,0
19,Male,0,Afternoon,-2.65833219,0
55,Male,1,Afternoon,5.345922368,1
56,Male,1,Morning,-2.009908525,0
27,Female,0,Afternoon,-0.336598503,0
59,Female,1,Afternoon,-0.511406832,0
59,Female,0,Evening,0.244720109,1
45,Female,1,Evening,3.656446867,1
52,Male,0,Morning,-1.733258168,0
41,Male,0,Afternoon,-0.489012734,0
34,Female,1,Afternoon,0.985599136,1
27,Male,1,Afternoon,1.142453209,1
59,Male,1,Afternoon,1.049023965,1
57,Female,0,Afternoon,1.187044145,1
42,Male,1,Morning,4.193130601,1
40,Male,1,Afternoon,1.517504889,1
30,Female,0,Afternoon,-0.385789943,0
57,Female,1,Morning,-5.507455192,0
44,Female,0,Evening,-2.853692487,0
54,Male,1,Afternoon,1.651410393,1
34,Male,1,Morning,-1.181529945,0
42,Female,1,Evening,-0.660364499,0
26,Male,0,Morning,0.031039731,1
57,Female,1,Morning,0.16181867,1
45,Male,0,Afternoon,-2.26951519,0
36,Male,0,Morning,-3.83018895,0
30,Female,0,Morning,-0.809182033,0